sequence,MOTA,MOTP,IDF1,Precision,Recall,ID_sw,Frames,raw
MOT17-04-FRCNN,59.84,88.25,77.53,88.57,68.94,79,1050,"{'gt': 39821, 'tp': 27452, 'fp': 3543, 'fn': 12369, 'id_sw': 79, 'iou_sum': 24227.464101150184, 'matched': 27452}"
MOT17-02-FRCNN,25.11,85.02,65.99,60.91,72.0,63,600,"{'gt': 9393, 'tp': 6763, 'fp': 4341, 'fn': 2630, 'id_sw': 63, 'iou_sum': 5749.6078004792125, 'matched': 6763}"
MOT17-09-FRCNN,70.63,87.88,85.47,86.06,84.89,19,525,"{'gt': 3745, 'tp': 3179, 'fp': 515, 'fn': 566, 'id_sw': 19, 'iou_sum': 2793.7384981395735, 'matched': 3179}"
